id,finishing_position
1098_846,10
1098_857,19
1098_848,17
1098_858,18
1098_832,3
1098_844,4
1098_815,2
1098_830,1
1098_822,12
1098_855,16
1098_4,7
1098_840,9
1098_1,6
1098_847,5
1098_807,11
1098_825,20
1098_852,14
1098_856,15
1098_839,8
1098_842,13
1099_846,12
1099_857,11
1099_848,19
1099_858,20
1099_832,3
1099_844,9
1099_815,1
1099_830,8
1099_822,16
1099_855,13
1099_4,4
1099_840,6
1099_1,5
1099_847,2
1099_807,14
1099_825,15
1099_852,18
1099_856,17
1099_839,7
1099_842,10
1100_846,10
1100_857,13
1100_848,12
1100_858,18
1100_832,4
1100_844,6
1100_815,19
1100_830,1
1100_822,20
1100_855,16
1100_4,5
1100_840,7
1100_1,3
1100_847,2
1100_807,15
1100_825,17
1100_852,11
1100_856,14
1100_839,9
1100_842,8
1101_846,8
1101_857,11
1101_848,15
1101_858,18
1101_832,4
1101_844,3
1101_815,2
1101_830,1
1101_822,13
1101_855,17
1101_4,6
1101_840,9
1101_1,5
1101_847,7
1101_807,20
1101_825,12
1101_852,10
1101_856,14
1101_839,19
1101_842,16
1102_846,11
1102_857,15
1102_848,18
1102_858,20
1102_832,2
1102_844,4
1102_815,1
1102_830,6
1102_822,14
1102_855,16
1102_4,3
1102_840,12
1102_1,8
1102_847,5
1102_807,17
1102_825,10
1102_852,19
1102_856,13
1102_839,9
1102_842,7
1104_846,10
1104_857,11
1104_848,15
1104_858,19
1104_832,3
1104_844,7
1104_815,9
1104_830,1
1104_822,16
1104_855,18
1104_4,2
1104_840,14
1104_1,4
1104_847,6
1104_807,20
1104_825,17
1104_852,12
1104_856,13
1104_839,5
1104_842,8
1105_846,4
1105_857,11
1105_848,18
1105_858,20
1105_832,2
1105_844,12
1105_815,7
1105_830,1
1105_822,16
1105_855,15
1105_4,8
1105_840,6
1105_1,3
1105_847,9
1105_807,10
1105_825,19
1105_852,17
1105_856,14
1105_839,5
1105_842,13
1106_846,7
1106_857,11
1106_848,12
1106_858,19
1106_832,9
1106_844,8
1106_815,6
1106_830,1
1106_822,14
1106_855,18
1106_4,4
1106_840,13
1106_1,2
1106_847,3
1106_807,10
1106_825,16
1106_852,20
1106_856,17
1106_839,5
1106_842,15
1107_846,7
1107_857,13
1107_848,15
1107_858,18
1107_832,3
1107_844,2
1107_815,10
1107_830,1
1107_822,14
1107_855,16
1107_4,6
1107_840,5
1107_1,4
1107_847,8
1107_807,12
1107_825,20
1107_852,17
1107_856,19
1107_839,11
1107_842,9
1108_846,2
1108_857,6
1108_848,14
1108_858,15
1108_832,4
1108_844,3
1108_815,9
1108_830,1
1108_822,19
1108_855,17
1108_4,7
1108_840,10
1108_1,8
1108_847,5
1108_807,13
1108_825,20
1108_852,16
1108_856,18
1108_839,11
1108_842,12
1109_846,3
1109_857,4
1109_848,17
1109_858,20
1109_832,10
1109_844,7
1109_815,6
1109_830,2
1109_822,8
1109_855,9
1109_4,5
1109_840,13
1109_1,1
1109_847,14
1109_807,12
1109_825,18
1109_817,15
1109_852,19
1109_839,11
1109_842,16
1110_846,9
1110_857,6
1110_848,16
1110_858,19
1110_832,5
1110_844,1
1110_815,2
1110_830,3
1110_822,14
1110_855,17
1110_4,8
1110_840,10
1110_1,4
1110_847,7
1110_807,20
1110_825,15
1110_817,18
1110_852,12
1110_839,13
1110_842,11
1111_846,3
1111_857,9
1111_848,6
1111_858,11
1111_832,7
1111_844,8
1111_815,4
1111_830,1
1111_822,18
1111_855,16
1111_4,5
1111_840,10
1111_1,13
1111_847,2
1111_807,15
1111_825,20
1111_852,17
1111_859,19
1111_839,14
1111_842,12
1112_846,10
1112_857,7
1112_848,6
1112_858,18
1112_832,1
1112_844,3
1112_815,4
1112_830,2
1112_822,15
1112_855,19
1112_4,9
1112_840,13
1112_1,8
1112_847,5
1112_807,12
1112_825,20
1112_852,11
1112_859,17
1112_839,16
1112_842,14
1113_846,4
1113_857,13
1113_848,15
1113_858,18
1113_832,1
1113_844,3
1113_815,10
1113_830,7
1113_822,16
1113_855,19
1113_4,5
1113_840,20
1113_1,6
1113_847,2
1113_807,12
1113_825,8
1113_852,17
1113_859,14
1113_839,9
1113_842,11
1114_846,4
1114_857,2
1114_848,13
1114_858,20
1114_832,6
1114_844,5
1114_815,3
1114_830,1
1114_822,17
1114_855,19
1114_4,9
1114_840,14
1114_1,7
1114_847,8
1114_807,18
1114_825,16
1114_852,11
1114_859,15
1114_839,12
1114_842,10
1115_846,10
1115_857,6
1115_848,12
1115_858,15
1115_832,9
1115_844,5
1115_815,20
1115_830,1
1115_822,11
1115_855,17
1115_4,4
1115_840,14
1115_1,3
1115_847,2
1115_807,16
1115_825,19
1115_852,13
1115_859,18
1115_839,8
1115_842,7
1116_846,3
1116_857,10
1116_848,15
1116_858,16
1116_832,5
1116_844,1
1116_815,7
1116_830,4
1116_822,13
1116_855,11
1116_4,19
1116_840,18
1116_1,2
1116_847,6
1116_807,20
1116_825,17
1116_817,14
1116_852,12
1116_839,9
1116_842,8
1117_846,13
1117_857,8
1117_848,16
1117_858,19
1117_832,2
1117_844,3
1117_815,4
1117_830,1
1117_822,9
1117_855,12
1117_4,10
1117_840,20
1117_1,5
1117_847,7
1117_807,15
1117_825,17
1117_817,6
1117_852,18
1117_839,14
1117_842,11
1118_846,5
1118_857,9
1118_848,14
1118_858,19
1118_832,6
1118_844,20
1118_815,7
1118_830,1
1118_822,17
1118_855,18
1118_4,3
1118_840,2
1118_1,4
1118_847,8
1118_807,12
1118_825,13
1118_817,15
1118_852,16
1118_839,10
1118_842,11
1119_846,13
1119_857,15
1119_848,6
1119_858,11
1119_832,12
1119_844,2
1119_815,8
1119_830,1
1119_822,7
1119_855,19
1119_4,5
1119_840,16
1119_1,9
1119_847,3
1119_807,14
1119_825,10
1119_817,18
1119_852,20
1119_839,17
1119_842,4
1120_846,6
1120_857,3
1120_848,15
1120_858,20
1120_832,14
1120_844,2
1120_815,5
1120_830,1
1120_822,17
1120_855,18
1120_4,7
1120_840,13
1120_1,10
1120_847,4
1120_807,11
1120_825,19
1120_817,16
1120_852,8
1120_839,12
1120_842,9
1121_846,6
1121_857,9
1121_848,11
1121_858,19
1121_832,5
1121_844,2
1121_815,3
1121_830,1
1121_822,13
1121_855,17
1121_4,7
1121_840,12
1121_1,8
1121_847,4
1121_807,10
1121_825,18
1121_839,15
1121_842,20
1121_817,14
1121_852,16
1122_846,7
1122_857,5
1122_848,14
1122_858,17
1122_844,2
1122_860,10
1122_815,3
1122_830,1
1122_822,16
1122_855,13
1122_4,6
1122_840,9
1122_1,8
1122_847,4
1122_807,15
1122_825,12
1122_839,19
1122_842,20
1122_817,18
1122_852,11
1123_846,4
1123_857,5
1123_848,14
1123_832,2
1123_844,3
1123_815,6
1123_830,1
1123_822,12
1123_855,18
1123_4,9
1123_840,8
1123_1,11
1123_847,7
1123_807,16
1123_825,13
1123_839,15
1123_842,19
1123_817,17
1123_852,10
1124_846,3
1124_857,5
1124_848,15
1124_858,20
1124_832,4
1124_844,6
1124_815,2
1124_830,1
1124_822,14
1124_855,19
1124_4,7
1124_840,13
1124_1,9
1124_847,8
1124_807,11
1124_825,16
1124_839,17
1124_842,18
1124_817,12
1124_852,10
1125_846,3
1125_857,5
1125_848,19
1125_858,20
1125_832,7
1125_844,6
1125_815,2
1125_830,1
1125_822,11
1125_855,14
1125_4,4
1125_840,10
1125_1,15
1125_847,8
1125_807,9
1125_825,18
1125_839,12
1125_842,17
1125_817,13
1125_852,16
1126_846,6
1126_857,5
1126_848,17
1126_858,20
1126_832,3
1126_844,2
1126_815,4
1126_830,1
1126_822,14
1126_855,16
1126_4,12
1126_840,11
1126_1,8
1126_847,7
1126_807,10
1126_825,18
1126_839,15
1126_842,13
1126_817,19
1126_852,9
1127_846,2
1127_857,5
1127_848,17
1127_858,20
1127_832,4
1127_844,3
1127_815,10
1127_830,1
1127_822,15
1127_855,19
1127_4,14
1127_840,12
1127_1,8
1127_847,6
1127_807,11
1127_825,18
1127_839,13
1127_842,16
1127_817,9
1127_852,7
1128_846,4
1128_857,2
1128_848,9
1128_858,17
1128_832,3
1128_844,1
1128_815,11
1128_830,5
1128_822,19
1128_855,20
1128_4,14
1128_840,13
1128_1,7
1128_847,6
1128_807,18
1128_825,16
1128_839,15
1128_842,10
1128_817,12
1128_852,8
1129_846,3
1129_857,4
1129_848,13
1129_858,14
1129_832,11
1129_844,9
1129_815,12
1129_830,2
1129_822,19
1129_855,20
1129_4,7
1129_840,10
1129_1,5
1129_847,1
1129_807,18
1129_825,16
1129_839,17
1129_842,15
1129_817,6
1129_852,8
1130_846,1
1130_857,7
1130_848,20
1130_858,19
1130_832,6
1130_844,5
1130_815,9
1130_830,2
1130_822,14
1130_855,18
1130_4,11
1130_840,12
1130_1,3
1130_847,4
1130_807,17
1130_825,15
1130_839,10
1130_842,8
1130_817,16
1130_852,13
1131_846,3
1131_857,7
1131_848,19
1131_858,18
1131_832,4
1131_844,5
1131_815,8
1131_830,1
1131_822,17
1131_855,20
1131_4,15
1131_840,16
1131_1,6
1131_847,2
1131_807,10
1131_825,11
1131_839,9
1131_842,13
1131_817,12
1131_852,14
1132_846,3
1132_857,5
1132_848,10
1132_858,13
1132_832,6
1132_844,9
1132_815,20
1132_830,2
1132_822,19
1132_855,15
1132_4,11
1132_840,8
1132_1,4
1132_847,1
1132_807,7
1132_825,16
1132_839,18
1132_842,17
1132_817,14
1132_852,12
1133_846,1
1133_857,3
1133_848,16
1133_858,17
1133_832,4
1133_844,5
1133_815,11
1133_830,2
1133_822,14
1133_855,19
1133_4,7
1133_840,8
1133_1,6
1133_847,12
1133_807,13
1133_825,15
1133_839,18
1133_842,20
1133_817,9
1133_852,10
1134_846,4
1134_857,6
1134_848,11
1134_858,19
1134_832,5
1134_844,1
1134_815,2
1134_830,9
1134_822,16
1134_855,20
1134_4,8
1134_840,13
1134_1,3
1134_847,7
1134_807,17
1134_825,18
1134_839,10
1134_842,14
1134_817,12
1134_852,15
1135_846,1
1135_857,3
1135_848,18
1135_858,19
1135_832,8
1135_844,5
1135_815,6
1135_830,2
1135_822,16
1135_855,17
1135_4,9
1135_840,7
1135_1,13
1135_847,4
1135_807,12
1135_825,20
1135_839,15
1135_842,10
1135_817,14
1135_852,11
1136_846,1
1136_857,2
1136_848,12
1136_861,19
1136_832,6
1136_844,4
1136_815,8
1136_830,5
1136_822,20
1136_855,18
1136_4,10
1136_840,14
1136_1,7
1136_847,3
1136_807,9
1136_825,13
1136_839,17
1136_842,16
1136_817,11
1136_852,15
1137_846,9
1137_857,2
1137_848,13
1137_861,8
1137_832,3
1137_844,1
1137_815,4
1137_830,5
1137_822,17
1137_855,18
1137_4,7
1137_840,12
1137_1,19
1137_847,6
1137_807,14
1137_860,11
1137_839,20
1137_842,16
1137_817,15
1137_852,10
1138_846,1
1138_857,5
1138_848,12
1138_861,11
1138_832,9
1138_844,6
1138_815,13
1138_830,2
1138_822,20
1138_855,19
1138_4,8
1138_840,16
1138_1,3
1138_847,4
1138_807,7
1138_825,14
1138_839,15
1138_842,18
1138_817,17
1138_852,10
1139_846,1
1139_857,5
1139_848,16
1139_861,17
1139_832,4
1139_844,3
1139_815,9
1139_830,2
1139_822,19
1139_855,20
1139_4,7
1139_840,12
1139_1,15
1139_847,13
1139_807,11
1139_825,8
1139_839,14
1139_842,6
1139_852,10
1139_859,18
1140_846,3
1140_857,12
1140_848,9
1140_861,17
1140_832,1
1140_844,4
1140_815,16
1140_830,2
1140_822,18
1140_855,19
1140_4,15
1140_840,14
1140_1,6
1140_847,5
1140_807,10
1140_825,7
1140_839,20
1140_842,8
1140_852,11
1140_859,13
1141_846,1
1141_857,6
1141_848,8
1141_861,18
1141_832,20
1141_844,3
1141_815,10
1141_830,12
1141_822,15
1141_855,19
1141_4,11
1141_840,9
1141_1,13
1141_847,2
1141_807,17
1141_860,16
1141_839,7
1141_842,14
1141_852,4
1141_859,5
1142_846,6
1142_857,7
1142_848,18
1142_861,20
1142_832,1
1142_844,3
1142_815,13
1142_830,5
1142_822,19
1142_855,16
1142_4,14
1142_840,17
1142_1,10
1142_847,2
1142_807,9
1142_825,12
1142_839,11
1142_842,4
1142_852,8
1142_859,15
1143_846,3
1143_857,4
1143_848,17
1143_861,20
1143_832,6
1143_844,5
1143_815,8
1143_830,2
1143_822,14
1143_855,15
1143_4,9
1143_840,12
1143_1,7
1143_847,1
1143_807,19
1143_825,10
1143_839,16
1143_842,11
1143_852,13
1143_859,18
1144_846,1
1144_857,2
1144_848,19
1144_861,20
1144_832,3
1144_844,13
1144_815,9
1144_830,4
1144_822,10
1144_855,18
1144_4,8
1144_840,14
1144_1,16
1144_847,5
1144_807,7
1144_825,15
1144_842,6
1144_862,17
1144_852,11
1144_859,12
